Feature,Importance
numerical__story_length,0.13823718087944453
numerical__funding_goal,0.09521117184418755
numerical__pre_launch_community_size,0.07920640373990086
numerical__landing_page_traffic,0.07388245483559931
numerical__marketing_spend,0.06274999219378444
numerical__social_media_followers,0.06255187919064875
numerical__email_list_size,0.05926072877605101
numerical__highest_reward,0.05231632779836036
numerical__average_reward,0.05010024995840283
numerical__campaign_duration,0.044191193948506936
numerical__number_of_images,0.044055658040084815
numerical__sentiment_polarity,0.03187932704344669
numerical__video_available,0.017560694603893225
numerical__reward_tiers,0.017457684225889874
numerical__lowest_reward,0.014748662616203808
categorical__category_Consumer Products,0.008098275251626054
categorical__category_Design,0.007357518684111986
categorical__launch_month_February,0.007080156381181041
categorical__country_United Kingdom,0.006983415432079405
categorical__country_Canada,0.006584340356530435
categorical__category_Technology,0.0056304845746808635
categorical__launch_month_January,0.005531930951244501
categorical__country_India,0.0055160188373482785
categorical__launch_month_August,0.005446207810880539
categorical__country_United States,0.005416395576521099
categorical__category_Sustainability,0.004991237852486007
categorical__country_Australia,0.0049485294925085705
categorical__launch_month_June,0.0046075170538287585
categorical__category_Food,0.0043716997138329855
categorical__launch_month_May,0.00420009852697938
categorical__launch_month_November,0.004065171194696069
categorical__category_Fashion,0.003759640081806645
categorical__category_Gaming,0.0035978963264363456
categorical__subcategory_Creative,0.0032476535130245405
categorical__launch_month_September,0.0030756227758819404
categorical__launch_month_December,0.002924613691307969
categorical__subcategory_Eco Products,0.002888485930535592
categorical__launch_month_July,0.0026772144977539876
categorical__category_Education,0.0026770534163587795
categorical__subcategory_Software,0.002665068449875607
categorical__subcategory_Product Design,0.0025199537736563535
categorical__subcategory_Home,0.00249614483795882
categorical__launch_month_October,0.002389585990355761
categorical__subcategory_Apparel,0.0022457554229165224
categorical__launch_month_March,0.0022222959533732935
categorical__subcategory_Food Products,0.002063049816167096
categorical__subcategory_Personal Care,0.0018344115330806662
categorical__subcategory_Kitchen,0.001664719295947174
categorical__subcategory_Smart Devices,0.0016059780622693788
categorical__subcategory_Accessories,0.0016039228368493808
categorical__subcategory_Lifestyle,0.001588979165231855
categorical__subcategory_Sustainable Fashion,0.0015760455059133569
categorical__subcategory_Green Living,0.0015487814449807156
categorical__subcategory_Video Games,0.0015470497929615504
categorical__subcategory_EdTech,0.0014054603748771199
categorical__subcategory_Beverages,0.0013978923800594847
categorical__subcategory_Electronics,0.0013767275501934675
categorical__launch_month_April,0.0013275748132214997
categorical__subcategory_Gaming Hardware,0.0012196714205917666
categorical__subcategory_Learning,0.0010321531852983535
categorical__subcategory_Industrial Design,0.0010232568096027585
categorical__subcategory_Clean Technology,0.000992517380630856
categorical__subcategory_Training,0.0007873178590093273
categorical__subcategory_Board Games,0.0007788987269310973
